user,activity_utc,activity_date,activity_hour
BioGeek,1602660153,2020-10-14,07
BioGeek,1601723459,2020-10-03,11
BioGeek,1587557924,2020-04-22,12
BioGeek,1587372231,2020-04-20,08
BioGeek,1586443849,2020-04-09,14
BioGeek,1586368673,2020-04-08,17
BioGeek,1585323604,2020-03-27,15
BioGeek,1582125903,2020-02-19,15
BioGeek,1580054814,2020-01-26,16
BioGeek,1578355022,2020-01-06,23
BioGeek,1577884971,2020-01-01,13
BioGeek,1577478148,2019-12-27,20
BioGeek,1575198970,2019-12-01,11
BioGeek,1574710512,2019-11-25,19
BioGeek,1569345800,2019-09-24,17
BioGeek,1562498256,2019-07-07,11
BioGeek,1556149675,2019-04-24,23
BioGeek,1549893938,2019-02-11,14
BioGeek,1549005765,2019-02-01,07
BioGeek,1544713487,2018-12-13,15
BioGeek,1544699480,2018-12-13,11
BioGeek,1544044841,2018-12-05,21
BioGeek,1541683696,2018-11-08,13
BioGeek,1541532722,2018-11-06,19
BioGeek,1539329879,2018-10-12,07
BioGeek,1539188037,2018-10-10,16
BioGeek,1537871406,2018-09-25,10
BioGeek,1537192483,2018-09-17,13
BioGeek,1535632620,2018-08-30,12
BioGeek,1535563636,2018-08-29,17
BioGeek,1535109350,2018-08-24,11
BioGeek,1534794827,2018-08-20,19
BioGeek,1528124435,2018-06-04,15
BioGeek,1527603946,2018-05-29,14
BioGeek,1526290458,2018-05-14,09
BioGeek,1524663997,2018-04-25,13
BioGeek,1517218586,2018-01-29,09
BioGeek,1515788524,2018-01-12,20
BioGeek,1510132160,2017-11-08,09
BioGeek,1510070526,2017-11-07,16
BioGeek,1509721872,2017-11-03,15
BioGeek,1509646769,2017-11-02,18
BioGeek,1509642017,2017-11-02,17
BioGeek,1509641803,2017-11-02,16
BioGeek,1509356570,2017-10-30,09
BioGeek,1508943678,2017-10-25,15
BioGeek,1508929775,2017-10-25,11
BioGeek,1508839182,2017-10-24,09
BioGeek,1508324969,2017-10-18,11
BioGeek,1508318659,2017-10-18,09
BioGeek,1508318121,2017-10-18,09
BioGeek,1508156104,2017-10-16,12
BioGeek,1508152640,2017-10-16,11
BioGeek,1508152381,2017-10-16,11
BioGeek,1507733294,2017-10-11,14
BioGeek,1507304919,2017-10-06,15
BioGeek,1506513220,2017-09-27,11
BioGeek,1506500364,2017-09-27,08
BioGeek,1505072847,2017-09-10,19
BioGeek,1504174325,2017-08-31,10
BioGeek,1504036785,2017-08-29,19
BioGeek,1504026817,2017-08-29,17
BioGeek,1503482507,2017-08-23,10
BioGeek,1502456314,2017-08-11,12
BioGeek,1502439313,2017-08-11,08
BioGeek,1502385001,2017-08-10,17
BioGeek,1500331997,2017-07-17,22
BioGeek,1499934863,2017-07-13,08
BioGeek,1499075475,2017-07-03,09
BioGeek,1498981969,2017-07-02,07
BioGeek,1498654644,2017-06-28,12
BioGeek,1498563178,2017-06-27,11
BioGeek,1498552006,2017-06-27,08
BioGeek,1498127914,2017-06-22,10
BioGeek,1498121328,2017-06-22,08
BioGeek,1497624123,2017-06-16,14
BioGeek,1497613965,2017-06-16,11
BioGeek,1497543907,2017-06-15,16
BioGeek,1497542555,2017-06-15,16
BioGeek,1497519339,2017-06-15,09
BioGeek,1497471907,2017-06-14,20
BioGeek,1497450510,2017-06-14,14
BioGeek,1497438414,2017-06-14,11
BioGeek,1496413288,2017-06-02,14
BioGeek,1496406214,2017-06-02,12
BioGeek,1496406151,2017-06-02,12
BioGeek,1496323607,2017-06-01,13
BioGeek,1496311463,2017-06-01,10
BioGeek,1496246078,2017-05-31,15
BioGeek,1496245998,2017-05-31,15
BioGeek,1496220083,2017-05-31,08
BioGeek,1496069304,2017-05-29,14
BioGeek,1494515682,2017-05-11,15
BioGeek,1493194932,2017-04-26,08
BioGeek,1492762337,2017-04-21,08
BioGeek,1492508267,2017-04-18,09
BioGeek,1491491250,2017-04-06,15
BioGeek,1491468152,2017-04-06,08
BioGeek,1490957875,2017-03-31,10
BioGeek,1490863405,2017-03-30,08
nevare,1597787766,2020-08-18,21
nevare,1597581065,2020-08-16,12
nevare,1597313845,2020-08-13,10
nevare,1597140031,2020-08-11,10
nevare,1590570151,2020-05-27,09
nevare,1587650388,2020-04-23,13
nevare,1587023919,2020-04-16,07
nevare,1584445079,2020-03-17,11
nevare,1584444531,2020-03-17,11
nevare,1584351372,2020-03-16,09
nevare,1584309529,2020-03-15,21
nevare,1584298760,2020-03-15,18
nevare,1583845979,2020-03-10,13
nevare,1583832368,2020-03-10,09
nevare,1583770688,2020-03-09,16
nevare,1579703650,2020-01-22,14
nevare,1574320871,2019-11-21,07
nevare,1572440205,2019-10-30,12
nevare,1561615503,2019-06-27,06
nevare,1560956150,2019-06-19,14
nevare,1560945324,2019-06-19,11
nevare,1560936197,2019-06-19,09
nevare,1558429092,2019-05-21,08
nevare,1558361245,2019-05-20,14
nevare,1558345047,2019-05-20,09
nevare,1558344704,2019-05-20,09
nevare,1558343977,2019-05-20,09
nevare,1557995535,2019-05-16,08
nevare,1555067625,2019-04-12,11
nevare,1552903140,2019-03-18,09
nevare,1552850492,2019-03-17,19
nevare,1551612998,2019-03-03,11
nevare,1551283030,2019-02-27,15
nevare,1551132399,2019-02-25,22
nevare,1550063213,2019-02-13,13
nevare,1550063061,2019-02-13,13
nevare,1549531062,2019-02-07,09
nevare,1549484447,2019-02-06,20
nevare,1549481927,2019-02-06,19
nevare,1549458309,2019-02-06,13
nevare,1548684459,2019-01-28,14
nevare,1548672543,2019-01-28,10
nevare,1548322815,2019-01-24,09
nevare,1548236027,2019-01-23,09
nevare,1548190898,2019-01-22,21
nevare,1548186911,2019-01-22,19
nevare,1548180169,2019-01-22,18
nevare,1548176123,2019-01-22,16
nevare,1547213083,2019-01-11,13
nevare,1547202246,2019-01-11,10
nevare,1545816481,2018-12-26,09
nevare,1545659021,2018-12-24,13
nevare,1544607348,2018-12-12,09
nevare,1544540650,2018-12-11,15
nevare,1544531960,2018-12-11,12
nevare,1543925864,2018-12-04,12
nevare,1543878844,2018-12-03,23
nevare,1543871319,2018-12-03,21
nevare,1543424557,2018-11-28,17
nevare,1542798177,2018-11-21,11
nevare,1539526306,2018-10-14,14
nevare,1539514086,2018-10-14,10
nevare,1539462666,2018-10-13,20
nevare,1539458472,2018-10-13,19
nevare,1539458340,2018-10-13,19
nevare,1530554469,2018-07-02,18
nevare,1530548903,2018-07-02,16
nevare,1530517694,2018-07-02,07
nevare,1530516981,2018-07-02,07
nevare,1530439983,2018-07-01,10
nevare,1524212934,2018-04-20,08
nevare,1524147861,2018-04-19,14
nevare,1520514224,2018-03-08,13
nevare,1517845674,2018-02-05,15
nevare,1516639239,2018-01-22,16
nevare,1516368749,2018-01-19,13
nevare,1516362305,2018-01-19,11
nevare,1516109670,2018-01-16,13
nevare,1514715394,2017-12-31,10
nevare,1514714860,2017-12-31,10
nevare,1514714510,2017-12-31,10
nevare,1514297568,2017-12-26,14
nevare,1513281174,2017-12-14,19
nevare,1513074805,2017-12-12,10
nevare,1513028046,2017-12-11,21
nevare,1512481834,2017-12-05,13
nevare,1512479176,2017-12-05,13
nevare,1512429236,2017-12-04,23
nevare,1512073731,2017-11-30,20
nevare,1512048578,2017-11-30,13
nevare,1511190854,2017-11-20,15
nevare,1509352995,2017-10-30,08
nevare,1503918933,2017-08-28,11
nevare,1503623575,2017-08-25,01
nevare,1503597445,2017-08-24,17
nevare,1503401124,2017-08-22,11
nevare,1503389795,2017-08-22,08
nevare,1502999126,2017-08-17,19
nevare,1502997977,2017-08-17,19
nevare,1502996399,2017-08-17,18
chromakode,1522689973,2018-04-02,17
chromakode,1520185235,2018-03-04,17
chromakode,1511811396,2017-11-27,19
chromakode,1509514628,2017-11-01,05
chromakode,1497762308,2017-06-18,05
chromakode,1480830000,2016-12-04,05
chromakode,1480829785,2016-12-04,05
chromakode,1480825671,2016-12-04,04
chromakode,1480544776,2016-11-30,22
chromakode,1477863619,2016-10-30,21
chromakode,1477807304,2016-10-30,06
chromakode,1474357759,2016-09-20,07
chromakode,1468454536,2016-07-14,00
chromakode,1467533709,2016-07-03,08
chromakode,1461356960,2016-04-22,20
chromakode,1460962327,2016-04-18,06
chromakode,1460771069,2016-04-16,01
chromakode,1460743610,2016-04-15,18
chromakode,1460508783,2016-04-13,00
chromakode,1459764742,2016-04-04,10
chromakode,1459353844,2016-03-30,16
chromakode,1458205467,2016-03-17,09
chromakode,1456440275,2016-02-25,22
chromakode,1455059882,2016-02-09,23
chromakode,1454525933,2016-02-03,18
chromakode,1454428663,2016-02-02,15
chromakode,1454375992,2016-02-02,01
chromakode,1454364247,2016-02-01,22
chromakode,1454347733,2016-02-01,17
chromakode,1453153577,2016-01-18,21
chromakode,1452203320,2016-01-07,21
chromakode,1450464441,2015-12-18,18
chromakode,1449013174,2015-12-01,23
chromakode,1448499263,2015-11-26,00
chromakode,1448430681,2015-11-25,05
chromakode,1448407609,2015-11-24,23
chromakode,1445583526,2015-10-23,06
chromakode,1445044416,2015-10-17,01
chromakode,1442083074,2015-09-12,18
chromakode,1441050618,2015-08-31,19
chromakode,1441012927,2015-08-31,09
chromakode,1441012632,2015-08-31,09
chromakode,1441010384,2015-08-31,08
chromakode,1441009885,2015-08-31,08
chromakode,1441009606,2015-08-31,08
chromakode,1440963134,2015-08-30,19
chromakode,1440701284,2015-08-27,18
chromakode,1439779157,2015-08-17,02
chromakode,1437806838,2015-07-25,06
chromakode,1437263254,2015-07-18,23
chromakode,1436891946,2015-07-14,16
chromakode,1436748900,2015-07-13,00
chromakode,1433609061,2015-06-06,16
chromakode,1433570896,2015-06-06,06
chromakode,1433555036,2015-06-06,01
chromakode,1432711103,2015-05-27,07
chromakode,1432456310,2015-05-24,08
chromakode,1429396289,2015-04-18,22
chromakode,1423612275,2015-02-10,23
chromakode,1423354849,2015-02-08,00
chromakode,1421726157,2015-01-20,03
chromakode,1420702353,2015-01-08,07
chromakode,1418259353,2014-12-11,00
chromakode,1417128095,2014-11-27,22
chromakode,1415952018,2014-11-14,08
chromakode,1415774381,2014-11-12,06
chromakode,1415772254,2014-11-12,06
chromakode,1414716292,2014-10-31,00
chromakode,1413832097,2014-10-20,19
chromakode,1412913446,2014-10-10,03
chromakode,1412910872,2014-10-10,03
chromakode,1412493417,2014-10-05,07
chromakode,1410508022,2014-09-12,07
chromakode,1410320123,2014-09-10,03
chromakode,1410163459,2014-09-08,08
chromakode,1410065581,2014-09-07,04
chromakode,1410031931,2014-09-06,19
chromakode,1410031215,2014-09-06,19
chromakode,1409949220,2014-09-05,20
chromakode,1409874368,2014-09-04,23
chromakode,1409870215,2014-09-04,22
chromakode,1409861165,2014-09-04,20
chromakode,1409861129,2014-09-04,20
chromakode,1409860784,2014-09-04,19
chromakode,1409858844,2014-09-04,19
chromakode,1409828972,2014-09-04,11
chromakode,1409828146,2014-09-04,10
chromakode,1409828036,2014-09-04,10
chromakode,1409285745,2014-08-29,04
chromakode,1409107300,2014-08-27,02
chromakode,1408481051,2014-08-19,20
chromakode,1408216870,2014-08-16,19
chromakode,1407864826,2014-08-12,17
chromakode,1406483451,2014-07-27,17
chromakode,1406337171,2014-07-26,01
chromakode,1406145844,2014-07-23,20
chromakode,1405224591,2014-07-13,04
chromakode,1403900581,2014-06-27,20
chromakode,1402526136,2014-06-11,22
chromakode,1401076761,2014-05-26,03
mdipierro,1602989330,2020-10-18,02
mdipierro,1597260105,2020-08-12,19
mdipierro,1597161857,2020-08-11,16
mdipierro,1597158360,2020-08-11,15
mdipierro,1597120367,2020-08-11,04
mdipierro,1597113257,2020-08-11,02
mdipierro,1597106252,2020-08-11,00
mdipierro,1597075647,2020-08-10,16
mdipierro,1597073826,2020-08-10,15
mdipierro,1597073149,2020-08-10,15
mdipierro,1597072067,2020-08-10,15
mdipierro,1597071818,2020-08-10,15
mdipierro,1597071370,2020-08-10,14
mdipierro,1597071314,2020-08-10,14
mdipierro,1597071287,2020-08-10,14
mdipierro,1597043541,2020-08-10,07
mdipierro,1592375358,2020-06-17,06
mdipierro,1591740500,2020-06-09,22
mdipierro,1589682370,2020-05-17,02
mdipierro,1589574160,2020-05-15,20
mdipierro,1589418603,2020-05-14,01
mdipierro,1589236864,2020-05-11,22
mdipierro,1589032728,2020-05-09,13
mdipierro,1588912695,2020-05-08,04
mdipierro,1588655538,2020-05-05,05
mdipierro,1588636547,2020-05-04,23
mdipierro,1588518830,2020-05-03,15
mdipierro,1588518641,2020-05-03,15
mdipierro,1588517283,2020-05-03,14
mdipierro,1588515681,2020-05-03,14
mdipierro,1588407395,2020-05-02,08
mdipierro,1588030276,2020-04-27,23
mdipierro,1584147534,2020-03-14,00
mdipierro,1582076631,2020-02-19,01
mdipierro,1581761063,2020-02-15,10
mdipierro,1572400735,2019-10-30,01
mdipierro,1571011906,2019-10-14,00
mdipierro,1569998875,2019-10-02,06
mdipierro,1569217170,2019-09-23,05
mdipierro,1568039757,2019-09-09,14
mdipierro,1568039123,2019-09-09,14
mdipierro,1567827959,2019-09-07,03
mdipierro,1567305952,2019-09-01,02
mdipierro,1567135790,2019-08-30,03
mdipierro,1566872507,2019-08-27,02
mdipierro,1566872235,2019-08-27,02
mdipierro,1566063002,2019-08-17,17
mdipierro,1566061307,2019-08-17,17
mdipierro,1565272749,2019-08-08,13
mdipierro,1565015542,2019-08-05,14
mdipierro,1564951365,2019-08-04,20
mdipierro,1557587834,2019-05-11,15
mdipierro,1548609732,2019-01-27,17
mdipierro,1527165081,2018-05-24,12
mdipierro,1522260213,2018-03-28,18
mdipierro,1499530032,2017-07-08,16
mdipierro,1496162847,2017-05-30,16
mdipierro,1496123242,2017-05-30,05
mdipierro,1496122650,2017-05-30,05
mdipierro,1496120827,2017-05-30,05
mdipierro,1496115306,2017-05-30,03
mdipierro,1496107559,2017-05-30,01
mdipierro,1496102764,2017-05-30,00
mdipierro,1496097298,2017-05-29,22
mdipierro,1496094676,2017-05-29,21
mdipierro,1496094205,2017-05-29,21
mdipierro,1496093265,2017-05-29,21
mdipierro,1496092075,2017-05-29,21
mdipierro,1496079790,2017-05-29,17
mdipierro,1496068866,2017-05-29,14
mdipierro,1491736357,2017-04-09,11
mdipierro,1488406511,2017-03-01,22
mdipierro,1472142376,2016-08-25,16
mdipierro,1470092864,2016-08-01,23
mdipierro,1464250427,2016-05-26,08
mdipierro,1464248870,2016-05-26,07
mdipierro,1464221771,2016-05-26,00
mdipierro,1460951071,2016-04-18,03
mdipierro,1458587348,2016-03-21,19
mdipierro,1458346067,2016-03-19,00
mdipierro,1457980643,2016-03-14,18
mdipierro,1457980618,2016-03-14,18
mdipierro,1457634460,2016-03-10,18
mdipierro,1457500457,2016-03-09,05
mdipierro,1457477643,2016-03-08,22
mdipierro,1457450520,2016-03-08,15
mdipierro,1457404554,2016-03-08,02
mdipierro,1457401037,2016-03-08,01
mdipierro,1457393336,2016-03-07,23
mdipierro,1457385643,2016-03-07,21
mdipierro,1457356250,2016-03-07,13
mdipierro,1457285034,2016-03-06,17
mdipierro,1457136984,2016-03-05,00
mdipierro,1457081471,2016-03-04,08
mdipierro,1457030458,2016-03-03,18
mdipierro,1455161026,2016-02-11,03
mdipierro,1455028948,2016-02-09,14
mdipierro,1455028510,2016-02-09,14
mdipierro,1455026997,2016-02-09,14
mdipierro,1454039190,2016-01-29,03
quasarj,1604014661,2020-10-29,23
quasarj,1603923572,2020-10-28,22
quasarj,1603737632,2020-10-26,18
quasarj,1603640911,2020-10-25,15
quasarj,1603640789,2020-10-25,15
quasarj,1603601785,2020-10-25,04
quasarj,1603601732,2020-10-25,04
quasarj,1603579146,2020-10-24,22
quasarj,1603505045,2020-10-24,02
quasarj,1603455627,2020-10-23,12
quasarj,1603390612,2020-10-22,18
quasarj,1603388594,2020-10-22,17
quasarj,1603386607,2020-10-22,17
quasarj,1603386511,2020-10-22,17
quasarj,1603345938,2020-10-22,05
quasarj,1603344980,2020-10-22,05
quasarj,1603344851,2020-10-22,05
quasarj,1603118342,2020-10-19,14
quasarj,1603118109,2020-10-19,14
quasarj,1603117840,2020-10-19,14
quasarj,1603112471,2020-10-19,13
quasarj,1603053797,2020-10-18,20
quasarj,1603034670,2020-10-18,15
quasarj,1603024102,2020-10-18,12
quasarj,1602993899,2020-10-18,04
quasarj,1602956411,2020-10-17,17
quasarj,1602624986,2020-10-13,21
quasarj,1602624487,2020-10-13,21
quasarj,1602606805,2020-10-13,16
quasarj,1602564897,2020-10-13,04
quasarj,1602560155,2020-10-13,03
quasarj,1602520265,2020-10-12,16
quasarj,1602483973,2020-10-12,06
quasarj,1602479787,2020-10-12,05
quasarj,1602301463,2020-10-10,03
quasarj,1602181183,2020-10-08,18
quasarj,1601957050,2020-10-06,04
quasarj,1601930642,2020-10-05,20
quasarj,1601802350,2020-10-04,09
quasarj,1601802181,2020-10-04,09
quasarj,1601802072,2020-10-04,09
quasarj,1601634238,2020-10-02,10
quasarj,1601613064,2020-10-02,04
quasarj,1601292610,2020-09-28,11
quasarj,1601187558,2020-09-27,06
quasarj,1601138179,2020-09-26,16
quasarj,1601136584,2020-09-26,16
quasarj,1601136079,2020-09-26,16
quasarj,1601076215,2020-09-25,23
quasarj,1600951466,2020-09-24,12
quasarj,1600844699,2020-09-23,07
quasarj,1600842826,2020-09-23,06
quasarj,1600841580,2020-09-23,06
quasarj,1600791422,2020-09-22,16
quasarj,1600535738,2020-09-19,17
quasarj,1600533355,2020-09-19,16
quasarj,1600496848,2020-09-19,06
quasarj,1600496678,2020-09-19,06
quasarj,1600348599,2020-09-17,13
quasarj,1600317179,2020-09-17,04
quasarj,1600187517,2020-09-15,16
quasarj,1600026368,2020-09-13,19
quasarj,1600014373,2020-09-13,16
quasarj,1600013953,2020-09-13,16
quasarj,1600013845,2020-09-13,16
quasarj,1599939988,2020-09-12,19
quasarj,1599939208,2020-09-12,19
quasarj,1599939104,2020-09-12,19
quasarj,1599937311,2020-09-12,19
quasarj,1599937153,2020-09-12,18
quasarj,1599707442,2020-09-10,03
quasarj,1599704845,2020-09-10,02
quasarj,1599704181,2020-09-10,02
quasarj,1599703984,2020-09-10,02
quasarj,1599703603,2020-09-10,02
quasarj,1599703346,2020-09-10,02
quasarj,1599702667,2020-09-10,01
quasarj,1599702409,2020-09-10,01
quasarj,1599702226,2020-09-10,01
quasarj,1599701818,2020-09-10,01
quasarj,1599697208,2020-09-10,00
quasarj,1599585007,2020-09-08,17
quasarj,1599500757,2020-09-07,17
quasarj,1599497455,2020-09-07,16
quasarj,1599497369,2020-09-07,16
quasarj,1599405411,2020-09-06,15
quasarj,1599365401,2020-09-06,04
quasarj,1599342179,2020-09-05,21
quasarj,1599341258,2020-09-05,21
quasarj,1599281337,2020-09-05,04
quasarj,1599269501,2020-09-05,01
quasarj,1599242012,2020-09-04,17
quasarj,1599187396,2020-09-04,02
quasarj,1599104446,2020-09-03,03
quasarj,1599100104,2020-09-03,02
quasarj,1598932124,2020-09-01,03
quasarj,1598896623,2020-08-31,17
quasarj,1598859136,2020-08-31,07
quasarj,1598841513,2020-08-31,02
quasarj,1598830729,2020-08-30,23
jrupac,1481912912,2016-12-16,18
jrupac,1479932509,2016-11-23,20
jrupac,1465301322,2016-06-07,12
jrupac,1446349679,2015-11-01,03
jrupac,1444834202,2015-10-14,14
jrupac,1429423301,2015-04-19,06
jrupac,1419616782,2014-12-26,17
jrupac,1401122674,2014-05-26,16
jrupac,1401122661,2014-05-26,16
jrupac,1401122273,2014-05-26,16
jrupac,1391818224,2014-02-08,00
jrupac,1389335701,2014-01-10,06
jrupac,1388823309,2014-01-04,08
jrupac,1388787440,2014-01-03,22
jrupac,1388622950,2014-01-02,00
jrupac,1388606044,2014-01-01,19
jrupac,1385435338,2013-11-26,03
jrupac,1384831996,2013-11-19,03
jrupac,1384561969,2013-11-16,00
jrupac,1384307499,2013-11-13,01
jrupac,1382226426,2013-10-19,23
jrupac,1381117420,2013-10-07,03
jrupac,1381110059,2013-10-07,01
jrupac,1379562696,2013-09-19,03
jrupac,1376748910,2013-08-17,14
jrupac,1376694646,2013-08-16,23
jrupac,1375473683,2013-08-02,20
jrupac,1375296899,2013-07-31,18
jrupac,1374782845,2013-07-25,20
jrupac,1374723523,2013-07-25,03
jrupac,1374704516,2013-07-24,22
jrupac,1374642719,2013-07-24,05
jrupac,1374606109,2013-07-23,19
jrupac,1374108364,2013-07-18,00
jrupac,1374094061,2013-07-17,20
jrupac,1369434389,2013-05-24,22
jrupac,1368855986,2013-05-18,05
jrupac,1367099163,2013-04-27,21
jrupac,1367092871,2013-04-27,20
jrupac,1366489794,2013-04-20,20
jrupac,1366141873,2013-04-16,19
jrupac,1364795634,2013-04-01,05
jrupac,1363923831,2013-03-22,03
jrupac,1363907773,2013-03-21,23
jrupac,1363823593,2013-03-20,23
jrupac,1363801999,2013-03-20,17
jrupac,1362185265,2013-03-02,00
jrupac,1361862787,2013-02-26,07
jrupac,1361830054,2013-02-25,22
jrupac,1359429674,2013-01-29,03
jrupac,1359042683,2013-01-24,15
jrupac,1358623358,2013-01-19,19
jrupac,1357544256,2013-01-07,07
jrupac,1357400483,2013-01-05,15
jrupac,1357294399,2013-01-04,10
jrupac,1357245969,2013-01-03,20
jrupac,1357244661,2013-01-03,20
jrupac,1357198412,2013-01-03,07
jrupac,1357181812,2013-01-03,02
jrupac,1357092230,2013-01-02,02
jrupac,1356769977,2012-12-29,08
jrupac,1356717354,2012-12-28,17
jrupac,1356420638,2012-12-25,07
jrupac,1356191407,2012-12-22,15
jrupac,1355995002,2012-12-20,09
jrupac,1355794101,2012-12-18,01
jrupac,1355731325,2012-12-17,08
jrupac,1355728411,2012-12-17,07
jrupac,1355728364,2012-12-17,07
jrupac,1354799867,2012-12-06,13
jrupac,1354329457,2012-12-01,02
jrupac,1354304385,2012-11-30,19
jrupac,1354299256,2012-11-30,18
jrupac,1354298936,2012-11-30,18
jrupac,1354298199,2012-11-30,17
jrupac,1354261612,2012-11-30,07
jrupac,1354175361,2012-11-29,07
jrupac,1353403951,2012-11-20,09
jrupac,1353290277,2012-11-19,01
jrupac,1353139404,2012-11-17,08
jrupac,1352831830,2012-11-13,18
jrupac,1351667262,2012-10-31,07
jrupac,1350888336,2012-10-22,06
jrupac,1350886712,2012-10-22,06
jrupac,1350437856,2012-10-17,01
jrupac,1348843398,2012-09-28,14
jrupac,1348138604,2012-09-20,10
jrupac,1348012891,2012-09-19,00
jrupac,1347918531,2012-09-17,21
jrupac,1347640597,2012-09-14,16
jrupac,1347606613,2012-09-14,07
jrupac,1347554219,2012-09-13,16
jrupac,1347398208,2012-09-11,21
jrupac,1347386748,2012-09-11,18
jrupac,1347223705,2012-09-09,20
jrupac,1347042759,2012-09-07,18
jrupac,1346994261,2012-09-07,05
jrupac,1346993665,2012-09-07,04
jrupac,1346955518,2012-09-06,18
jrupac,1346946738,2012-09-06,15
ivosaurus,1604083349,2020-10-30,18
ivosaurus,1604051389,2020-10-30,09
ivosaurus,1603912590,2020-10-28,19
ivosaurus,1603912456,2020-10-28,19
ivosaurus,1603912279,2020-10-28,19
ivosaurus,1603905586,2020-10-28,17
ivosaurus,1603866121,2020-10-28,06
ivosaurus,1603859344,2020-10-28,04
ivosaurus,1603821555,2020-10-27,17
ivosaurus,1603814474,2020-10-27,16
ivosaurus,1603813961,2020-10-27,15
ivosaurus,1603642587,2020-10-25,16
ivosaurus,1603442108,2020-10-23,08
ivosaurus,1603298014,2020-10-21,16
ivosaurus,1603096677,2020-10-19,08
ivosaurus,1603094965,2020-10-19,08
ivosaurus,1603050322,2020-10-18,19
ivosaurus,1602941477,2020-10-17,13
ivosaurus,1602941121,2020-10-17,13
ivosaurus,1602924355,2020-10-17,08
ivosaurus,1602877384,2020-10-16,19
ivosaurus,1602876785,2020-10-16,19
ivosaurus,1602871783,2020-10-16,18
ivosaurus,1602871445,2020-10-16,18
ivosaurus,1602871391,2020-10-16,18
ivosaurus,1602853517,2020-10-16,13
ivosaurus,1602754888,2020-10-15,09
ivosaurus,1602522840,2020-10-12,17
ivosaurus,1602522799,2020-10-12,17
ivosaurus,1602392309,2020-10-11,04
ivosaurus,1602178828,2020-10-08,17
ivosaurus,1602176544,2020-10-08,17
ivosaurus,1602176519,2020-10-08,17
ivosaurus,1602145747,2020-10-08,08
ivosaurus,1602145669,2020-10-08,08
ivosaurus,1602145619,2020-10-08,08
ivosaurus,1602128122,2020-10-08,03
ivosaurus,1602010425,2020-10-06,18
ivosaurus,1602009868,2020-10-06,18
ivosaurus,1602009592,2020-10-06,18
ivosaurus,1602009519,2020-10-06,18
ivosaurus,1602009412,2020-10-06,18
ivosaurus,1601888489,2020-10-05,09
ivosaurus,1601778073,2020-10-04,02
ivosaurus,1601777915,2020-10-04,02
ivosaurus,1601609338,2020-10-02,03
ivosaurus,1601579364,2020-10-01,19
ivosaurus,1601575839,2020-10-01,18
ivosaurus,1601574096,2020-10-01,17
ivosaurus,1601573417,2020-10-01,17
ivosaurus,1601458088,2020-09-30,09
ivosaurus,1601453291,2020-09-30,08
ivosaurus,1601366281,2020-09-29,07
ivosaurus,1601131814,2020-09-26,14
ivosaurus,1601022012,2020-09-25,08
ivosaurus,1600973201,2020-09-24,18
ivosaurus,1600904724,2020-09-23,23
ivosaurus,1600904120,2020-09-23,23
ivosaurus,1600887620,2020-09-23,19
ivosaurus,1600885966,2020-09-23,18
ivosaurus,1600885524,2020-09-23,18
ivosaurus,1600885229,2020-09-23,18
ivosaurus,1600879361,2020-09-23,16
ivosaurus,1600878756,2020-09-23,16
ivosaurus,1600861930,2020-09-23,11
ivosaurus,1600849497,2020-09-23,08
ivosaurus,1600848940,2020-09-23,08
ivosaurus,1600809517,2020-09-22,21
ivosaurus,1600807701,2020-09-22,20
ivosaurus,1600761716,2020-09-22,08
ivosaurus,1600696010,2020-09-21,13
ivosaurus,1600676222,2020-09-21,08
ivosaurus,1600675947,2020-09-21,08
ivosaurus,1600620548,2020-09-20,16
ivosaurus,1600620383,2020-09-20,16
ivosaurus,1600620091,2020-09-20,16
ivosaurus,1600571382,2020-09-20,03
ivosaurus,1600522859,2020-09-19,13
ivosaurus,1600502981,2020-09-19,08
ivosaurus,1600495659,2020-09-19,06
ivosaurus,1600495607,2020-09-19,06
ivosaurus,1600493562,2020-09-19,05
ivosaurus,1600493436,2020-09-19,05
ivosaurus,1600473910,2020-09-19,00
ivosaurus,1600318834,2020-09-17,05
ivosaurus,1600197635,2020-09-15,19
ivosaurus,1600162878,2020-09-15,09
ivosaurus,1599846567,2020-09-11,17
ivosaurus,1599846385,2020-09-11,17
ivosaurus,1599780262,2020-09-10,23
ivosaurus,1599780121,2020-09-10,23
ivosaurus,1599767077,2020-09-10,19
ivosaurus,1599765740,2020-09-10,19
ivosaurus,1599760909,2020-09-10,18
ivosaurus,1599719333,2020-09-10,06
ivosaurus,1599658017,2020-09-09,13
ivosaurus,1599653276,2020-09-09,12
ivosaurus,1599647624,2020-09-09,10
ivosaurus,1599638433,2020-09-09,08
ivosaurus,1599601294,2020-09-08,21
aphoenix,1604064830,2020-10-30,13
aphoenix,1604011910,2020-10-29,22
aphoenix,1603919335,2020-10-28,21
aphoenix,1603825113,2020-10-27,18
aphoenix,1603752849,2020-10-26,22
aphoenix,1603487960,2020-10-23,21
aphoenix,1603486392,2020-10-23,20
aphoenix,1603485859,2020-10-23,20
aphoenix,1603476674,2020-10-23,18
aphoenix,1603476580,2020-10-23,18
aphoenix,1603476533,2020-10-23,18
aphoenix,1603476494,2020-10-23,18
aphoenix,1603339320,2020-10-22,04
aphoenix,1603335321,2020-10-22,02
aphoenix,1603244256,2020-10-21,01
aphoenix,1603242471,2020-10-21,01
aphoenix,1603241340,2020-10-21,00
aphoenix,1603209642,2020-10-20,16
aphoenix,1603200682,2020-10-20,13
aphoenix,1603137918,2020-10-19,20
aphoenix,1602945284,2020-10-17,14
aphoenix,1602864630,2020-10-16,16
aphoenix,1602862220,2020-10-16,15
aphoenix,1602861050,2020-10-16,15
aphoenix,1602783730,2020-10-15,17
aphoenix,1602783290,2020-10-15,17
aphoenix,1602780229,2020-10-15,16
aphoenix,1602717687,2020-10-14,23
aphoenix,1602696497,2020-10-14,17
aphoenix,1602685476,2020-10-14,14
aphoenix,1602600085,2020-10-13,14
aphoenix,1602600021,2020-10-13,14
aphoenix,1602273747,2020-10-09,20
aphoenix,1602272829,2020-10-09,19
aphoenix,1602260438,2020-10-09,16
aphoenix,1602260093,2020-10-09,16
aphoenix,1602260084,2020-10-09,16
aphoenix,1602259946,2020-10-09,16
aphoenix,1602259924,2020-10-09,16
aphoenix,1602259915,2020-10-09,16
aphoenix,1602259906,2020-10-09,16
aphoenix,1602215034,2020-10-09,03
aphoenix,1602212621,2020-10-09,03
aphoenix,1602209384,2020-10-09,02
aphoenix,1602203710,2020-10-09,00
aphoenix,1602203211,2020-10-09,00
aphoenix,1602180445,2020-10-08,18
aphoenix,1602162551,2020-10-08,13
aphoenix,1602162363,2020-10-08,13
aphoenix,1602160995,2020-10-08,12
aphoenix,1602124439,2020-10-08,02
aphoenix,1602123019,2020-10-08,02
aphoenix,1602123007,2020-10-08,02
aphoenix,1602122991,2020-10-08,02
aphoenix,1602122932,2020-10-08,02
aphoenix,1602122812,2020-10-08,02
aphoenix,1602122381,2020-10-08,01
aphoenix,1602112815,2020-10-07,23
aphoenix,1602111897,2020-10-07,23
aphoenix,1602104590,2020-10-07,21
aphoenix,1602104534,2020-10-07,21
aphoenix,1602104467,2020-10-07,21
aphoenix,1601910070,2020-10-05,15
aphoenix,1601769220,2020-10-03,23
aphoenix,1601767267,2020-10-03,23
aphoenix,1601766236,2020-10-03,23
aphoenix,1601761824,2020-10-03,21
aphoenix,1601759580,2020-10-03,21
aphoenix,1601759445,2020-10-03,21
aphoenix,1601744139,2020-10-03,16
aphoenix,1601743827,2020-10-03,16
aphoenix,1601642347,2020-10-02,12
aphoenix,1601610085,2020-10-02,03
aphoenix,1601523000,2020-10-01,03
aphoenix,1601522653,2020-10-01,03
aphoenix,1601511304,2020-10-01,00
aphoenix,1601511287,2020-10-01,00
aphoenix,1601496153,2020-09-30,20
aphoenix,1601495991,2020-09-30,19
aphoenix,1601495966,2020-09-30,19
aphoenix,1601472742,2020-09-30,13
aphoenix,1601406229,2020-09-29,19
aphoenix,1601393851,2020-09-29,15
aphoenix,1601393768,2020-09-29,15
aphoenix,1601310211,2020-09-28,16
aphoenix,1601310165,2020-09-28,16
aphoenix,1601310158,2020-09-28,16
aphoenix,1600990029,2020-09-24,23
aphoenix,1600988745,2020-09-24,23
aphoenix,1600952571,2020-09-24,13
aphoenix,1600436063,2020-09-18,13
aphoenix,1600435316,2020-09-18,13
aphoenix,1600435127,2020-09-18,13
aphoenix,1600386191,2020-09-17,23
aphoenix,1599935966,2020-09-12,18
aphoenix,1599935541,2020-09-12,18
aphoenix,1599857397,2020-09-11,20
aphoenix,1599837018,2020-09-11,15
aphoenix,1599753780,2020-09-10,16
aphoenix,1599753320,2020-09-10,15
Andrew_Shay,1603864160,2020-10-28,05
Andrew_Shay,1603330958,2020-10-22,01
Andrew_Shay,1602907787,2020-10-17,04
Andrew_Shay,1602907049,2020-10-17,03
Andrew_Shay,1602810382,2020-10-16,01
Andrew_Shay,1600737373,2020-09-22,01
Andrew_Shay,1600658927,2020-09-21,03
Andrew_Shay,1600579612,2020-09-20,05
Andrew_Shay,1600398544,2020-09-18,03
Andrew_Shay,1599621561,2020-09-09,03
Andrew_Shay,1599524290,2020-09-08,00
Andrew_Shay,1599495396,2020-09-07,16
Andrew_Shay,1599494769,2020-09-07,16
Andrew_Shay,1599424535,2020-09-06,20
Andrew_Shay,1599187461,2020-09-04,02
Andrew_Shay,1595819780,2020-07-27,03
Andrew_Shay,1592605743,2020-06-19,22
Andrew_Shay,1579913949,2020-01-25,00
Andrew_Shay,1579374900,2020-01-18,19
Andrew_Shay,1579301856,2020-01-17,22
Andrew_Shay,1579301729,2020-01-17,22
Andrew_Shay,1579301658,2020-01-17,22
Andrew_Shay,1571194570,2019-10-16,02
Andrew_Shay,1571194519,2019-10-16,02
Andrew_Shay,1568944803,2019-09-20,02
Andrew_Shay,1568944775,2019-09-20,01
Andrew_Shay,1562113747,2019-07-03,00
Andrew_Shay,1562113735,2019-07-03,00
Andrew_Shay,1562113681,2019-07-03,00
Andrew_Shay,1562113658,2019-07-03,00
Andrew_Shay,1561782598,2019-06-29,04
Andrew_Shay,1561510558,2019-06-26,00
Andrew_Shay,1560915133,2019-06-19,03
Andrew_Shay,1560914793,2019-06-19,03
Andrew_Shay,1560914690,2019-06-19,03
Andrew_Shay,1560554137,2019-06-14,23
Andrew_Shay,1560554088,2019-06-14,23
Andrew_Shay,1559978968,2019-06-08,07
Andrew_Shay,1559788752,2019-06-06,02
Andrew_Shay,1559788715,2019-06-06,02
Andrew_Shay,1559347620,2019-06-01,00
Andrew_Shay,1559346321,2019-05-31,23
Andrew_Shay,1559346171,2019-05-31,23
Andrew_Shay,1559257918,2019-05-30,23
Andrew_Shay,1559190761,2019-05-30,04
Andrew_Shay,1559186143,2019-05-30,03
Andrew_Shay,1559186065,2019-05-30,03
Andrew_Shay,1559185910,2019-05-30,03
Andrew_Shay,1559185874,2019-05-30,03
Andrew_Shay,1559084212,2019-05-28,22
Andrew_Shay,1559008961,2019-05-28,02
Andrew_Shay,1559003094,2019-05-28,00
Andrew_Shay,1559002917,2019-05-28,00
Andrew_Shay,1558921072,2019-05-27,01
Andrew_Shay,1558893110,2019-05-26,17
Andrew_Shay,1558893025,2019-05-26,17
Andrew_Shay,1558837283,2019-05-26,02
Andrew_Shay,1558837155,2019-05-26,02
Andrew_Shay,1558832182,2019-05-26,00
Andrew_Shay,1558757499,2019-05-25,04
Andrew_Shay,1558757327,2019-05-25,04
Andrew_Shay,1558757225,2019-05-25,04
Andrew_Shay,1558757182,2019-05-25,04
Andrew_Shay,1558736221,2019-05-24,22
Andrew_Shay,1558736014,2019-05-24,22
Andrew_Shay,1558735892,2019-05-24,22
Andrew_Shay,1558735860,2019-05-24,22
Andrew_Shay,1558735825,2019-05-24,22
Andrew_Shay,1558672248,2019-05-24,04
Andrew_Shay,1558671390,2019-05-24,04
Andrew_Shay,1558659581,2019-05-24,00
Andrew_Shay,1558590358,2019-05-23,05
Andrew_Shay,1558589337,2019-05-23,05
Andrew_Shay,1558586444,2019-05-23,04
Andrew_Shay,1558585955,2019-05-23,04
Andrew_Shay,1558585881,2019-05-23,04
Andrew_Shay,1558585071,2019-05-23,04
Andrew_Shay,1558584852,2019-05-23,04
Andrew_Shay,1558584808,2019-05-23,04
Andrew_Shay,1558583949,2019-05-23,03
Andrew_Shay,1558582096,2019-05-23,03
Andrew_Shay,1554516390,2019-04-06,02
Andrew_Shay,1554165422,2019-04-02,00
Andrew_Shay,1554164946,2019-04-02,00
Andrew_Shay,1554164732,2019-04-02,00
Andrew_Shay,1554164714,2019-04-02,00
Andrew_Shay,1554164666,2019-04-02,00
Andrew_Shay,1554164606,2019-04-02,00
Andrew_Shay,1554012404,2019-03-31,06
Andrew_Shay,1554012370,2019-03-31,06
Andrew_Shay,1554012348,2019-03-31,06
Andrew_Shay,1554012334,2019-03-31,06
Andrew_Shay,1553993970,2019-03-31,00
Andrew_Shay,1553993624,2019-03-31,00
Andrew_Shay,1553817399,2019-03-28,23
Andrew_Shay,1553817376,2019-03-28,23
Andrew_Shay,1553817364,2019-03-28,23
Andrew_Shay,1553817338,2019-03-28,23
Andrew_Shay,1553817324,2019-03-28,23
Andrew_Shay,1553817304,2019-03-28,23
123icebuggy,1585091721,2020-03-24,23
123icebuggy,1581626847,2020-02-13,20
123icebuggy,1581624004,2020-02-13,20
123icebuggy,1578114520,2020-01-04,05
123icebuggy,1576905503,2019-12-21,05
123icebuggy,1575756813,2019-12-07,22
123icebuggy,1571788250,2019-10-22,23
123icebuggy,1567176502,2019-08-30,14
123icebuggy,1566193643,2019-08-19,05
123icebuggy,1554675808,2019-04-07,22
123icebuggy,1554517027,2019-04-06,02
123icebuggy,1552856413,2019-03-17,21
123icebuggy,1552741596,2019-03-16,13
123icebuggy,1551670104,2019-03-04,03
123icebuggy,1550225516,2019-02-15,10
123icebuggy,1549935033,2019-02-12,01
123icebuggy,1549868941,2019-02-11,07
123icebuggy,1548975027,2019-01-31,22
123icebuggy,1548307284,2019-01-24,05
123icebuggy,1548306705,2019-01-24,05
123icebuggy,1548293703,2019-01-24,01
123icebuggy,1547785113,2019-01-18,04
123icebuggy,1547766610,2019-01-17,23
123icebuggy,1547086143,2019-01-10,02
123icebuggy,1547085726,2019-01-10,02
123icebuggy,1546833199,2019-01-07,03
123icebuggy,1546571059,2019-01-04,03
123icebuggy,1545192216,2018-12-19,04
123icebuggy,1545191292,2018-12-19,03
123icebuggy,1545186902,2018-12-19,02
123icebuggy,1545137757,2018-12-18,12
123icebuggy,1543557871,2018-11-30,06
123icebuggy,1543408253,2018-11-28,12
123icebuggy,1542609153,2018-11-19,06
123icebuggy,1541972874,2018-11-11,21
123icebuggy,1541539348,2018-11-06,21
123icebuggy,1541287962,2018-11-03,23
123icebuggy,1541287822,2018-11-03,23
123icebuggy,1541282854,2018-11-03,22
123icebuggy,1541144210,2018-11-02,07
123icebuggy,1540680543,2018-10-27,22
123icebuggy,1539849279,2018-10-18,07
123icebuggy,1539461201,2018-10-13,20
123icebuggy,1538971281,2018-10-08,04
123icebuggy,1538960071,2018-10-08,00
123icebuggy,1538783123,2018-10-05,23
123icebuggy,1538577215,2018-10-03,14
123icebuggy,1538575525,2018-10-03,14
123icebuggy,1538575349,2018-10-03,14
123icebuggy,1538569748,2018-10-03,12
123icebuggy,1538550011,2018-10-03,07
123icebuggy,1538549115,2018-10-03,06
123icebuggy,1538469868,2018-10-02,08
123icebuggy,1538468019,2018-10-02,08
123icebuggy,1538466956,2018-10-02,07
123icebuggy,1538344468,2018-09-30,21
123icebuggy,1538290122,2018-09-30,06
123icebuggy,1538278724,2018-09-30,03
123icebuggy,1538270258,2018-09-30,01
123icebuggy,1538015634,2018-09-27,02
123icebuggy,1538015435,2018-09-27,02
123icebuggy,1537940510,2018-09-26,05
123icebuggy,1537191071,2018-09-17,13
123icebuggy,1537183376,2018-09-17,11
123icebuggy,1535637551,2018-08-30,13
123icebuggy,1535637302,2018-08-30,13
123icebuggy,1535543603,2018-08-29,11
123icebuggy,1535438125,2018-08-28,06
123icebuggy,1535437989,2018-08-28,06
123icebuggy,1535437945,2018-08-28,06
123icebuggy,1535190079,2018-08-25,09
123icebuggy,1535165706,2018-08-25,02
123icebuggy,1535161254,2018-08-25,01
123icebuggy,1535109863,2018-08-24,11
123icebuggy,1533395947,2018-08-04,15
123icebuggy,1533389451,2018-08-04,13
123icebuggy,1532826409,2018-07-29,01
123icebuggy,1532820057,2018-07-28,23
123icebuggy,1532680056,2018-07-27,08
123icebuggy,1532679692,2018-07-27,08
123icebuggy,1532485714,2018-07-25,02
123icebuggy,1532341673,2018-07-23,10
123icebuggy,1532061538,2018-07-20,04
123icebuggy,1532060763,2018-07-20,04
123icebuggy,1532060683,2018-07-20,04
123icebuggy,1532060613,2018-07-20,04
123icebuggy,1532059709,2018-07-20,04
123icebuggy,1532007813,2018-07-19,13
123icebuggy,1532007771,2018-07-19,13
123icebuggy,1530962903,2018-07-07,11
123icebuggy,1530825847,2018-07-05,21
123icebuggy,1530796284,2018-07-05,13
123icebuggy,1530752612,2018-07-05,01
123icebuggy,1530081530,2018-06-27,06
123icebuggy,1529741582,2018-06-23,08
123icebuggy,1529740182,2018-06-23,07
123icebuggy,1529215411,2018-06-17,06
123icebuggy,1528674871,2018-06-10,23
123icebuggy,1528672343,2018-06-10,23
123icebuggy,1528513706,2018-06-09,03
PremiumVIP,1555090522,2019-04-12,17
PremiumVIP,1552130510,2019-03-09,11
PremiumVIP,1551516480,2019-03-02,08
PremiumVIP,1551456273,2019-03-01,16
PremiumVIP,1551357223,2019-02-28,12
PremiumVIP,1551355261,2019-02-28,12
PremiumVIP,1551007175,2019-02-24,11
PremiumVIP,1550917435,2019-02-23,10
PremiumVIP,1550573639,2019-02-19,10
PremiumVIP,1550138194,2019-02-14,09
PremiumVIP,1549712340,2019-02-09,11
PremiumVIP,1549712316,2019-02-09,11
PremiumVIP,1549448244,2019-02-06,10
PremiumVIP,1549305869,2019-02-04,18
PremiumVIP,1549298798,2019-02-04,16
PremiumVIP,1548950102,2019-01-31,15
PremiumVIP,1548865489,2019-01-30,16
PremiumVIP,1548853062,2019-01-30,12
PremiumVIP,1548843368,2019-01-30,10
PremiumVIP,1548843356,2019-01-30,10
PremiumVIP,1548413597,2019-01-25,10
PremiumVIP,1548412946,2019-01-25,10
PremiumVIP,1548404919,2019-01-25,08
PremiumVIP,1548330736,2019-01-24,11
PremiumVIP,1548250259,2019-01-23,13
PremiumVIP,1548240696,2019-01-23,10
PremiumVIP,1548236011,2019-01-23,09
PremiumVIP,1548083843,2019-01-21,15
PremiumVIP,1547976556,2019-01-20,09
PremiumVIP,1547858906,2019-01-19,00
PremiumVIP,1547844615,2019-01-18,20
PremiumVIP,1547827552,2019-01-18,16
PremiumVIP,1547827068,2019-01-18,15
PremiumVIP,1547826056,2019-01-18,15
PremiumVIP,1547825349,2019-01-18,15
PremiumVIP,1547803424,2019-01-18,09
PremiumVIP,1547741367,2019-01-17,16
PremiumVIP,1547718921,2019-01-17,09
PremiumVIP,1547717251,2019-01-17,09
PremiumVIP,1547481892,2019-01-14,16
PremiumVIP,1547321513,2019-01-12,19
PremiumVIP,1547247939,2019-01-11,23
PremiumVIP,1547247709,2019-01-11,23
PremiumVIP,1547232290,2019-01-11,18
PremiumVIP,1547232221,2019-01-11,18
PremiumVIP,1547147143,2019-01-10,19
PremiumVIP,1546959379,2019-01-08,14
PremiumVIP,1546634034,2019-01-04,20
PremiumVIP,1546633901,2019-01-04,20
PremiumVIP,1546611097,2019-01-04,14
PremiumVIP,1546561754,2019-01-04,00
PremiumVIP,1546561630,2019-01-04,00
PremiumVIP,1546561497,2019-01-04,00
PremiumVIP,1546561382,2019-01-04,00
PremiumVIP,1546561268,2019-01-04,00
PremiumVIP,1546561027,2019-01-04,00
PremiumVIP,1546560317,2019-01-04,00
PremiumVIP,1546463408,2019-01-02,21
PremiumVIP,1546340621,2019-01-01,11
PremiumVIP,1546258885,2018-12-31,12
PremiumVIP,1545782080,2018-12-25,23
PremiumVIP,1545605888,2018-12-23,22
PremiumVIP,1545604975,2018-12-23,22
PremiumVIP,1545601683,2018-12-23,21
PremiumVIP,1545593689,2018-12-23,19
PremiumVIP,1545593492,2018-12-23,19
PremiumVIP,1545584394,2018-12-23,16
PremiumVIP,1545582745,2018-12-23,16
PremiumVIP,1545570396,2018-12-23,13
PremiumVIP,1545561401,2018-12-23,10
PremiumVIP,1545560940,2018-12-23,10
PremiumVIP,1545560682,2018-12-23,10
PremiumVIP,1545560594,2018-12-23,10
PremiumVIP,1545560510,2018-12-23,10
PremiumVIP,1545560334,2018-12-23,10
PremiumVIP,1545560127,2018-12-23,10
PremiumVIP,1545560001,2018-12-23,10
PremiumVIP,1545559815,2018-12-23,10
PremiumVIP,1545559610,2018-12-23,10
PremiumVIP,1545559532,2018-12-23,10
PremiumVIP,1545559446,2018-12-23,10
PremiumVIP,1545559371,2018-12-23,10
PremiumVIP,1545559252,2018-12-23,10
PremiumVIP,1545559180,2018-12-23,09
PremiumVIP,1545559111,2018-12-23,09
PremiumVIP,1545504564,2018-12-22,18
PremiumVIP,1545504180,2018-12-22,18
PremiumVIP,1543949035,2018-12-04,18
PremiumVIP,1543883075,2018-12-04,00
PremiumVIP,1543363306,2018-11-28,00
PremiumVIP,1543359012,2018-11-27,22
PremiumVIP,1541529890,2018-11-06,18
PremiumVIP,1541460551,2018-11-05,23
PremiumVIP,1541460209,2018-11-05,23
PremiumVIP,1541456412,2018-11-05,22
PremiumVIP,1541451614,2018-11-05,21
PremiumVIP,1536785380,2018-09-12,20
PremiumVIP,1536703719,2018-09-11,22
PremiumVIP,1536656920,2018-09-11,09
PremiumVIP,1536609925,2018-09-10,20
SATAN-BLOOD-CUM-FART,1558217638,2019-05-18,22
SATAN-BLOOD-CUM-FART,1579194624,2020-01-16,17
SATAN-BLOOD-CUM-FART,1603390730,2020-10-22,18
SATAN-BLOOD-CUM-FART,1603357384,2020-10-22,09
SATAN-BLOOD-CUM-FART,1603316117,2020-10-21,21
SATAN-BLOOD-CUM-FART,1603301850,2020-10-21,17
SATAN-BLOOD-CUM-FART,1603290260,2020-10-21,14
SATAN-BLOOD-CUM-FART,1603133183,2020-10-19,18
SATAN-BLOOD-CUM-FART,1603093295,2020-10-19,07
SATAN-BLOOD-CUM-FART,1603092958,2020-10-19,07
SATAN-BLOOD-CUM-FART,1602936536,2020-10-17,12
SATAN-BLOOD-CUM-FART,1602683804,2020-10-14,13
SATAN-BLOOD-CUM-FART,1602677364,2020-10-14,12
SATAN-BLOOD-CUM-FART,1602677252,2020-10-14,12
SATAN-BLOOD-CUM-FART,1602227535,2020-10-09,07
SATAN-BLOOD-CUM-FART,1602173993,2020-10-08,16
SATAN-BLOOD-CUM-FART,1602080176,2020-10-07,14
SATAN-BLOOD-CUM-FART,1601927153,2020-10-05,19
SATAN-BLOOD-CUM-FART,1601909158,2020-10-05,14
SATAN-BLOOD-CUM-FART,1601900819,2020-10-05,12
SATAN-BLOOD-CUM-FART,1601535005,2020-10-01,06
SATAN-BLOOD-CUM-FART,1601421174,2020-09-29,23
SATAN-BLOOD-CUM-FART,1600611074,2020-09-20,14
SATAN-BLOOD-CUM-FART,1600409954,2020-09-18,06
SATAN-BLOOD-CUM-FART,1600407562,2020-09-18,05
SATAN-BLOOD-CUM-FART,1600407525,2020-09-18,05
SATAN-BLOOD-CUM-FART,1600407480,2020-09-18,05
SATAN-BLOOD-CUM-FART,1600385623,2020-09-17,23
SATAN-BLOOD-CUM-FART,1600275422,2020-09-16,16
SATAN-BLOOD-CUM-FART,1600275112,2020-09-16,16
SATAN-BLOOD-CUM-FART,1600274947,2020-09-16,16
SATAN-BLOOD-CUM-FART,1600274637,2020-09-16,16
SATAN-BLOOD-CUM-FART,1600204981,2020-09-15,21
SATAN-BLOOD-CUM-FART,1600183983,2020-09-15,15
SATAN-BLOOD-CUM-FART,1600183760,2020-09-15,15
SATAN-BLOOD-CUM-FART,1600183586,2020-09-15,15
SATAN-BLOOD-CUM-FART,1600179579,2020-09-15,14
SATAN-BLOOD-CUM-FART,1600099284,2020-09-14,16
SATAN-BLOOD-CUM-FART,1600098751,2020-09-14,15
SATAN-BLOOD-CUM-FART,1600098645,2020-09-14,15
SATAN-BLOOD-CUM-FART,1600091804,2020-09-14,13
SATAN-BLOOD-CUM-FART,1599987128,2020-09-13,08
SATAN-BLOOD-CUM-FART,1599727628,2020-09-10,08
SATAN-BLOOD-CUM-FART,1599727453,2020-09-10,08
SATAN-BLOOD-CUM-FART,1599393108,2020-09-06,11
SATAN-BLOOD-CUM-FART,1599341503,2020-09-05,21
SATAN-BLOOD-CUM-FART,1599324035,2020-09-05,16
SATAN-BLOOD-CUM-FART,1599323868,2020-09-05,16
SATAN-BLOOD-CUM-FART,1599256785,2020-09-04,21
SATAN-BLOOD-CUM-FART,1598976496,2020-09-01,16
SATAN-BLOOD-CUM-FART,1598970471,2020-09-01,14
SATAN-BLOOD-CUM-FART,1598774297,2020-08-30,07
SATAN-BLOOD-CUM-FART,1598628168,2020-08-28,15
SATAN-BLOOD-CUM-FART,1598608123,2020-08-28,09
SATAN-BLOOD-CUM-FART,1598600372,2020-08-28,07
SATAN-BLOOD-CUM-FART,1598595120,2020-08-28,06
SATAN-BLOOD-CUM-FART,1598594964,2020-08-28,06
SATAN-BLOOD-CUM-FART,1598566611,2020-08-27,22
SATAN-BLOOD-CUM-FART,1598521305,2020-08-27,09
SATAN-BLOOD-CUM-FART,1598348180,2020-08-25,09
SATAN-BLOOD-CUM-FART,1598017631,2020-08-21,13
SATAN-BLOOD-CUM-FART,1597353294,2020-08-13,21
SATAN-BLOOD-CUM-FART,1597348343,2020-08-13,19
SATAN-BLOOD-CUM-FART,1597348317,2020-08-13,19
SATAN-BLOOD-CUM-FART,1597307662,2020-08-13,08
SATAN-BLOOD-CUM-FART,1597307494,2020-08-13,08
SATAN-BLOOD-CUM-FART,1597093846,2020-08-10,21
SATAN-BLOOD-CUM-FART,1597093414,2020-08-10,21
SATAN-BLOOD-CUM-FART,1597084136,2020-08-10,18
SATAN-BLOOD-CUM-FART,1597081511,2020-08-10,17
SATAN-BLOOD-CUM-FART,1595672856,2020-07-25,10
SATAN-BLOOD-CUM-FART,1594654297,2020-07-13,15
SATAN-BLOOD-CUM-FART,1594654285,2020-07-13,15
SATAN-BLOOD-CUM-FART,1593433711,2020-06-29,12
SATAN-BLOOD-CUM-FART,1593430567,2020-06-29,11
SATAN-BLOOD-CUM-FART,1593331932,2020-06-28,08
SATAN-BLOOD-CUM-FART,1593120386,2020-06-25,21
SATAN-BLOOD-CUM-FART,1593039698,2020-06-24,23
SATAN-BLOOD-CUM-FART,1593017359,2020-06-24,16
SATAN-BLOOD-CUM-FART,1592566436,2020-06-19,11
SATAN-BLOOD-CUM-FART,1592520832,2020-06-18,22
SATAN-BLOOD-CUM-FART,1592298197,2020-06-16,09
SATAN-BLOOD-CUM-FART,1592250154,2020-06-15,19
SATAN-BLOOD-CUM-FART,1592176451,2020-06-14,23
SATAN-BLOOD-CUM-FART,1592138262,2020-06-14,12
SATAN-BLOOD-CUM-FART,1592121919,2020-06-14,08
SATAN-BLOOD-CUM-FART,1592121814,2020-06-14,08
SATAN-BLOOD-CUM-FART,1591897428,2020-06-11,17
SATAN-BLOOD-CUM-FART,1591828563,2020-06-10,22
SATAN-BLOOD-CUM-FART,1591701727,2020-06-09,11
SATAN-BLOOD-CUM-FART,1591699595,2020-06-09,10
SATAN-BLOOD-CUM-FART,1591630672,2020-06-08,15
SATAN-BLOOD-CUM-FART,1591630661,2020-06-08,15
SATAN-BLOOD-CUM-FART,1591556275,2020-06-07,18
SATAN-BLOOD-CUM-FART,1591555891,2020-06-07,18
SATAN-BLOOD-CUM-FART,1591538325,2020-06-07,13
SATAN-BLOOD-CUM-FART,1591523260,2020-06-07,09
SATAN-BLOOD-CUM-FART,1591447962,2020-06-06,12
SATAN-BLOOD-CUM-FART,1591447880,2020-06-06,12
SATAN-BLOOD-CUM-FART,1591447718,2020-06-06,12
AssistantBOT,1603052297,2020-10-18,20
AssistantBOT,1569998431,2019-10-02,06
AssistantBOT,1604061210,2020-10-30,12
AssistantBOT,1604061208,2020-10-30,12
AssistantBOT,1604044412,2020-10-30,07
AssistantBOT,1604044409,2020-10-30,07
AssistantBOT,1604011140,2020-10-29,22
AssistantBOT,1604011139,2020-10-29,22
AssistantBOT,1604006467,2020-10-29,21
AssistantBOT,1604006465,2020-10-29,21
AssistantBOT,1603992915,2020-10-29,17
AssistantBOT,1603992913,2020-10-29,17
AssistantBOT,1603938415,2020-10-29,02
AssistantBOT,1603938414,2020-10-29,02
AssistantBOT,1603935404,2020-10-29,01
AssistantBOT,1603935402,2020-10-29,01
AssistantBOT,1603578318,2020-10-24,22
AssistantBOT,1603578317,2020-10-24,22
AssistantBOT,1603501455,2020-10-24,01
AssistantBOT,1603501453,2020-10-24,01
AssistantBOT,1603477714,2020-10-23,18
AssistantBOT,1603477713,2020-10-23,18
AssistantBOT,1603400915,2020-10-22,21
AssistantBOT,1603400914,2020-10-22,21
AssistantBOT,1603399966,2020-10-22,20
AssistantBOT,1603399964,2020-10-22,20
AssistantBOT,1603399583,2020-10-22,20
AssistantBOT,1603399581,2020-10-22,20
AssistantBOT,1603230548,2020-10-20,21
AssistantBOT,1603230547,2020-10-20,21
AssistantBOT,1603225708,2020-10-20,20
AssistantBOT,1603225707,2020-10-20,20
AssistantBOT,1603193183,2020-10-20,11
AssistantBOT,1603193181,2020-10-20,11
AssistantBOT,1603154507,2020-10-20,00
AssistantBOT,1603137375,2020-10-19,19
AssistantBOT,1603137374,2020-10-19,19
AssistantBOT,1603135361,2020-10-19,19
AssistantBOT,1603135358,2020-10-19,19
AssistantBOT,1603128292,2020-10-19,17
AssistantBOT,1603128290,2020-10-19,17
AssistantBOT,1603121767,2020-10-19,15
AssistantBOT,1603121766,2020-10-19,15
AssistantBOT,1602939382,2020-10-17,12
AssistantBOT,1602939380,2020-10-17,12
AssistantBOT,1602873281,2020-10-16,18
AssistantBOT,1602873279,2020-10-16,18
AssistantBOT,1602841162,2020-10-16,09
AssistantBOT,1602841161,2020-10-16,09
AssistantBOT,1602806342,2020-10-15,23
AssistantBOT,1602806341,2020-10-15,23
AssistantBOT,1602766683,2020-10-15,12
AssistantBOT,1602766681,2020-10-15,12
AssistantBOT,1602746678,2020-10-15,07
AssistantBOT,1602746675,2020-10-15,07
AssistantBOT,1602698689,2020-10-14,18
AssistantBOT,1602698687,2020-10-14,18
AssistantBOT,1602604756,2020-10-13,15
AssistantBOT,1602604755,2020-10-13,15
AssistantBOT,1602590995,2020-10-13,12
AssistantBOT,1602590994,2020-10-13,12
AssistantBOT,1602574147,2020-10-13,07
AssistantBOT,1602574146,2020-10-13,07
AssistantBOT,1602565780,2020-10-13,05
AssistantBOT,1602565647,2020-10-13,05
AssistantBOT,1602565632,2020-10-13,05
AssistantBOT,1602532504,2020-10-12,19
AssistantBOT,1602519669,2020-10-12,16
AssistantBOT,1602519667,2020-10-12,16
AssistantBOT,1602489261,2020-10-12,07
AssistantBOT,1602489258,2020-10-12,07
AssistantBOT,1602448378,2020-10-11,20
AssistantBOT,1602448376,2020-10-11,20
AssistantBOT,1602446707,2020-10-11,20
AssistantBOT,1602446705,2020-10-11,20
AssistantBOT,1602414563,2020-10-11,11
AssistantBOT,1602414563,2020-10-11,11
AssistantBOT,1602410413,2020-10-11,10
AssistantBOT,1602410410,2020-10-11,10
AssistantBOT,1602374295,2020-10-10,23
AssistantBOT,1602286840,2020-10-09,23
AssistantBOT,1602286836,2020-10-09,23
AssistantBOT,1602194687,2020-10-08,22
AssistantBOT,1602194686,2020-10-08,22
AssistantBOT,1602182880,2020-10-08,18
AssistantBOT,1602182879,2020-10-08,18
AssistantBOT,1602177969,2020-10-08,17
AssistantBOT,1602177967,2020-10-08,17
AssistantBOT,1602062604,2020-10-07,09
AssistantBOT,1602062602,2020-10-07,09
AssistantBOT,1602048533,2020-10-07,05
AssistantBOT,1602048533,2020-10-07,05
AssistantBOT,1602048373,2020-10-07,05
AssistantBOT,1602048371,2020-10-07,05
AssistantBOT,1602048337,2020-10-07,05
AssistantBOT,1602048335,2020-10-07,05
AssistantBOT,1602017999,2020-10-06,20
AssistantBOT,1602017998,2020-10-06,20
AssistantBOT,1602006489,2020-10-06,17
AssistantBOT,1602006488,2020-10-06,17
Im__Joseph,1604016013,2020-10-30,00
Im__Joseph,1603929609,2020-10-29,00
Im__Joseph,1603843215,2020-10-28,00
Im__Joseph,1603756811,2020-10-27,00
Im__Joseph,1603670414,2020-10-26,00
Im__Joseph,1603648036,2020-10-25,17
Im__Joseph,1603584009,2020-10-25,00
Im__Joseph,1603556637,2020-10-24,16
Im__Joseph,1603556611,2020-10-24,16
Im__Joseph,1603497616,2020-10-24,00
Im__Joseph,1603411213,2020-10-23,00
Im__Joseph,1603324816,2020-10-22,00
Im__Joseph,1603238419,2020-10-21,00
Im__Joseph,1603152019,2020-10-20,00
Im__Joseph,1603065616,2020-10-19,00
Im__Joseph,1603063702,2020-10-18,23
Im__Joseph,1602979219,2020-10-18,00
Im__Joseph,1602974244,2020-10-17,22
Im__Joseph,1602974236,2020-10-17,22
Im__Joseph,1602974196,2020-10-17,22
Im__Joseph,1602892812,2020-10-17,00
Im__Joseph,1602806414,2020-10-16,00
Im__Joseph,1602720013,2020-10-15,00
Im__Joseph,1602633614,2020-10-14,00
Im__Joseph,1602620787,2020-10-13,20
Im__Joseph,1602597650,2020-10-13,14
Im__Joseph,1602594050,2020-10-13,13
Im__Joseph,1602590450,2020-10-13,12
Im__Joseph,1602586849,2020-10-13,11
Im__Joseph,1602583240,2020-10-13,10
Im__Joseph,1602579631,2020-10-13,09
Im__Joseph,1602576023,2020-10-13,08
Im__Joseph,1602572421,2020-10-13,07
Im__Joseph,1602568817,2020-10-13,06
Im__Joseph,1602565215,2020-10-13,05
Im__Joseph,1602561616,2020-10-13,04
Im__Joseph,1602558016,2020-10-13,03
Im__Joseph,1602554416,2020-10-13,02
Im__Joseph,1602550815,2020-10-13,01
Im__Joseph,1602547216,2020-10-13,00
Im__Joseph,1602499357,2020-10-12,10
Im__Joseph,1602499339,2020-10-12,10
Im__Joseph,1602499285,2020-10-12,10
Im__Joseph,1602460814,2020-10-12,00
Im__Joseph,1602374417,2020-10-11,00
Im__Joseph,1602349806,2020-10-10,17
Im__Joseph,1602349762,2020-10-10,17
Im__Joseph,1602341412,2020-10-10,14
Im__Joseph,1602337446,2020-10-10,13
Im__Joseph,1602335126,2020-10-10,13
Im__Joseph,1602335101,2020-10-10,13
Im__Joseph,1602335081,2020-10-10,13
Im__Joseph,1602288015,2020-10-10,00
Im__Joseph,1602201611,2020-10-09,00
Im__Joseph,1602115213,2020-10-08,00
Im__Joseph,1602028817,2020-10-07,00
Im__Joseph,1601942423,2020-10-06,00
Im__Joseph,1601913512,2020-10-05,15
Im__Joseph,1601891174,2020-10-05,09
Im__Joseph,1601856014,2020-10-05,00
Im__Joseph,1601828646,2020-10-04,16
Im__Joseph,1601828630,2020-10-04,16
Im__Joseph,1601828565,2020-10-04,16
Im__Joseph,1601828547,2020-10-04,16
Im__Joseph,1601769612,2020-10-04,00
Im__Joseph,1601683215,2020-10-03,00
Im__Joseph,1601596812,2020-10-02,00
Im__Joseph,1601510417,2020-10-01,00
Im__Joseph,1601424011,2020-09-30,00
Im__Joseph,1601337622,2020-09-29,00
Im__Joseph,1601251222,2020-09-28,00
Im__Joseph,1601213344,2020-09-27,13
Im__Joseph,1601164817,2020-09-27,00
Im__Joseph,1601078410,2020-09-26,00
Im__Joseph,1600992014,2020-09-25,00
Im__Joseph,1600905616,2020-09-24,00
Im__Joseph,1600819213,2020-09-23,00
Im__Joseph,1600732811,2020-09-22,00
Im__Joseph,1600646415,2020-09-21,00
Im__Joseph,1600560012,2020-09-20,00
Im__Joseph,1600473617,2020-09-19,00
Im__Joseph,1600387220,2020-09-18,00
Im__Joseph,1600357506,2020-09-17,15
Im__Joseph,1600300810,2020-09-17,00
Im__Joseph,1600254363,2020-09-16,11
Im__Joseph,1600254336,2020-09-16,11
Im__Joseph,1600254332,2020-09-16,11
Im__Joseph,1600254326,2020-09-16,11
Im__Joseph,1600254292,2020-09-16,11
Im__Joseph,1600254280,2020-09-16,11
Im__Joseph,1600214411,2020-09-16,00
Im__Joseph,1600128012,2020-09-15,00
Im__Joseph,1600041614,2020-09-14,00
Im__Joseph,1599955211,2020-09-13,00
Im__Joseph,1599868812,2020-09-12,00
Im__Joseph,1599823733,2020-09-11,11
Im__Joseph,1599823728,2020-09-11,11
Im__Joseph,1599823679,2020-09-11,11
Im__Joseph,1599823641,2020-09-11,11
Im__Joseph,1599823599,2020-09-11,11
IAmKindOfCreative,1604080182,2020-10-30,17
IAmKindOfCreative,1604074297,2020-10-30,16
IAmKindOfCreative,1604074224,2020-10-30,16
IAmKindOfCreative,1604074097,2020-10-30,16
IAmKindOfCreative,1604074050,2020-10-30,16
IAmKindOfCreative,1604074016,2020-10-30,16
IAmKindOfCreative,1604073880,2020-10-30,16
IAmKindOfCreative,1604014054,2020-10-29,23
IAmKindOfCreative,1604005951,2020-10-29,21
IAmKindOfCreative,1604005743,2020-10-29,21
IAmKindOfCreative,1604004872,2020-10-29,20
IAmKindOfCreative,1603953374,2020-10-29,06
IAmKindOfCreative,1603953284,2020-10-29,06
IAmKindOfCreative,1603950562,2020-10-29,05
IAmKindOfCreative,1603940273,2020-10-29,02
IAmKindOfCreative,1603938410,2020-10-29,02
IAmKindOfCreative,1603935993,2020-10-29,01
IAmKindOfCreative,1603934580,2020-10-29,01
IAmKindOfCreative,1603933110,2020-10-29,00
IAmKindOfCreative,1603929604,2020-10-29,00
IAmKindOfCreative,1603929483,2020-10-28,23
IAmKindOfCreative,1603921736,2020-10-28,21
IAmKindOfCreative,1603909180,2020-10-28,18
IAmKindOfCreative,1603909021,2020-10-28,18
IAmKindOfCreative,1603905561,2020-10-28,17
IAmKindOfCreative,1603867259,2020-10-28,06
IAmKindOfCreative,1603867158,2020-10-28,06
IAmKindOfCreative,1603835697,2020-10-27,21
IAmKindOfCreative,1603830623,2020-10-27,20
IAmKindOfCreative,1603808598,2020-10-27,14
IAmKindOfCreative,1603786813,2020-10-27,08
IAmKindOfCreative,1603778250,2020-10-27,05
IAmKindOfCreative,1603754788,2020-10-26,23
IAmKindOfCreative,1603752149,2020-10-26,22
IAmKindOfCreative,1603747781,2020-10-26,21
IAmKindOfCreative,1603744640,2020-10-26,20
IAmKindOfCreative,1603738538,2020-10-26,18
IAmKindOfCreative,1603735148,2020-10-26,17
IAmKindOfCreative,1603734983,2020-10-26,17
IAmKindOfCreative,1603734966,2020-10-26,17
IAmKindOfCreative,1603648552,2020-10-25,17
IAmKindOfCreative,1603648154,2020-10-25,17
IAmKindOfCreative,1603648058,2020-10-25,17
IAmKindOfCreative,1603583815,2020-10-24,23
IAmKindOfCreative,1603576195,2020-10-24,21
IAmKindOfCreative,1603571497,2020-10-24,20
IAmKindOfCreative,1603569575,2020-10-24,19
IAmKindOfCreative,1603558210,2020-10-24,16
IAmKindOfCreative,1603558190,2020-10-24,16
IAmKindOfCreative,1603521122,2020-10-24,06
IAmKindOfCreative,1603499704,2020-10-24,00
IAmKindOfCreative,1603495511,2020-10-23,23
IAmKindOfCreative,1603495457,2020-10-23,23
IAmKindOfCreative,1603495154,2020-10-23,23
IAmKindOfCreative,1603487789,2020-10-23,21
IAmKindOfCreative,1603482008,2020-10-23,19
IAmKindOfCreative,1603476088,2020-10-23,18
IAmKindOfCreative,1603470360,2020-10-23,16
IAmKindOfCreative,1603400296,2020-10-22,20
IAmKindOfCreative,1603390563,2020-10-22,18
IAmKindOfCreative,1603337226,2020-10-22,03
IAmKindOfCreative,1603330827,2020-10-22,01
IAmKindOfCreative,1603314812,2020-10-21,21
IAmKindOfCreative,1603314797,2020-10-21,21
IAmKindOfCreative,1603296329,2020-10-21,16
IAmKindOfCreative,1603294958,2020-10-21,15
IAmKindOfCreative,1603294894,2020-10-21,15
IAmKindOfCreative,1603252220,2020-10-21,03
IAmKindOfCreative,1603233141,2020-10-20,22
IAmKindOfCreative,1603231066,2020-10-20,21
IAmKindOfCreative,1603212670,2020-10-20,16
IAmKindOfCreative,1603157318,2020-10-20,01
IAmKindOfCreative,1603157305,2020-10-20,01
IAmKindOfCreative,1603157296,2020-10-20,01
IAmKindOfCreative,1603145168,2020-10-19,22
IAmKindOfCreative,1603145069,2020-10-19,22
IAmKindOfCreative,1603139108,2020-10-19,20
IAmKindOfCreative,1603138344,2020-10-19,20
IAmKindOfCreative,1603129891,2020-10-19,17
IAmKindOfCreative,1603123257,2020-10-19,16
IAmKindOfCreative,1603123026,2020-10-19,15
IAmKindOfCreative,1603122940,2020-10-19,15
IAmKindOfCreative,1603086479,2020-10-19,05
IAmKindOfCreative,1603086471,2020-10-19,05
IAmKindOfCreative,1603086461,2020-10-19,05
IAmKindOfCreative,1603063247,2020-10-18,23
IAmKindOfCreative,1603063179,2020-10-18,23
IAmKindOfCreative,1603063162,2020-10-18,23
IAmKindOfCreative,1603063146,2020-10-18,23
IAmKindOfCreative,1603063136,2020-10-18,23
IAmKindOfCreative,1603063128,2020-10-18,23
IAmKindOfCreative,1602949730,2020-10-17,15
IAmKindOfCreative,1602913527,2020-10-17,05
IAmKindOfCreative,1602913508,2020-10-17,05
IAmKindOfCreative,1602899646,2020-10-17,01
IAmKindOfCreative,1602876048,2020-10-16,19
IAmKindOfCreative,1602875044,2020-10-16,19
IAmKindOfCreative,1602870021,2020-10-16,17
IAmKindOfCreative,1602869463,2020-10-16,17
IAmKindOfCreative,1602869450,2020-10-16,17
